Instance,Energy,State
001,-953.9843898000161,"-1,-1,-1,-1,1,-1,1,-1,-1,-1,1,1,-1,1,1,1,-1,1,1,1,-1,1,1,-1,1,-1,1,1,-1,1,1,0,-1,-1,-1,1,0,1,-1,-1,-1,1,-1,-1,1,1,1,1,-1,1,1,1,-1,-1,-1,1,-1,1,1,-1,1,-1,-1,1,-1,1,-1,1,1,-1,1,-1,1,1,1,1,1,-1,-1,1,-1,-1,1,1,-1,1,1,1,1,1,-1,1,1,1,1,1,1,-1,-1,-1,1,-1,1,-1,-1,-1,-1,1,1,1,1,1,1,1,-1,1,-1,-1,-1,1,1,-1,1,-1,1,-1,-1,1,1,1,-1,1,1,-1,-1,-1,-1,-1,1,1,1,-1,1,1,-1,1,-1,1,-1,-1,1,0,1,1,1,-1,1,-1,1,-1,1,1,1,-1,-1,-1,-1,1,1,-1,-1,-1,-1,-1,-1,-1,-1,1,-1,1,-1,1,1,-1,-1,-1,-1,-1,1,1,1,1,1,1,-1,1,-1,-1,1,1,1,1,1,-1,-1,-1,-1,-1,-1,1,-1,-1,-1,1,-1,-1,1,1,-1,-1,-1,1,1,1,1,-1,1,-1,-1,-1,-1,-1,-1,-1,1,-1,-1,-1,1,-1,1,1,-1,1,1,1,1,1,1,1,-1,-1,-1,-1,0,-1,-1,1,1,-1,-1,-1,1,-1,1,1,-1,1,-1,1,-1,1,-1,-1,1,-1,-1,-1,-1,1,-1,-1,1,-1,-1,1,-1,-1,1,1,-1,-1,1,-1,-1,1,1,1,-1,-1,-1,1,1,1,0,1,0,1,0,1,1,1,1,1,1,-1,1,1,1,1,-1,1,-1,-1,-1,1,1,-1,0,-1,1,1,1,1,-1,-1,-1,-1,1,-1,1,1,1,1,1,1,1,1,1,1,-1,-1,-1,1,1,1,1,-1,1,1,1,1,-1,1,-1,-1,-1,1,1,1,1,1,1,-1,1,-1,-1,1,-1,-1,-1,1,-1,1,-1,1,1,-1,-1,1,1,-1,1,-1,-1,1,1,-1,1,-1,-1,1,1,-1,-1,-1,-1,-1,1,-1,-1,-1,1,1,1,-1,-1,-1,1,1,-1,1,1,1,-1,-1,1,-1,-1,1,1,1,0,-1,1,1,0,-1,1,-1,1,1,-1,1,1,1,1,-1,-1,1,-1,1,1,-1,-1,1,1,1,0,-1,1,-1,-1,0,1,1,1,1,-1,-1,-1,1,-1,1,-1,-1,-1,-1,-1,1,-1,1,-1,1,1,-1,1,-1,-1,1,-1,-1,1,-1,-1,1,-1,1,-1,1,-1,-1,-1,1,1,-1,1,-1,1,1,-1,1,1,-1,1,-1,-1,1,-1,-1,-1,-1,1,-1,-1,1,1,1,1,-1,-1,1,1,-1,1,-1,1,-1,1,1,1,1,-1,-1,1,-1,-1,1,1,1,-1,-1,1,1,-1,1,-1,-1,1,-1,0,-1,-1,1,-1,1,-1,-1,-1,-1,-1,-1,1,-1,1,-1"
002,-979.2660870960286,"-1,-1,1,-1,1,1,-1,1,1,1,1,1,-1,-1,-1,1,1,1,-1,1,-1,1,1,1,1,1,-1,1,1,-1,-1,0,-1,-1,-1,1,0,-1,1,1,-1,1,1,1,-1,-1,-1,1,1,1,-1,-1,-1,1,-1,1,-1,1,1,-1,-1,1,1,-1,1,-1,1,-1,-1,1,-1,-1,-1,1,-1,1,1,-1,1,-1,1,1,1,-1,-1,-1,-1,-1,-1,-1,-1,-1,1,-1,1,-1,1,-1,-1,-1,1,1,-1,-1,-1,-1,-1,1,1,-1,-1,-1,-1,-1,-1,-1,1,1,1,1,1,-1,1,-1,1,1,1,1,-1,-1,1,-1,1,-1,1,1,-1,1,-1,-1,1,-1,-1,-1,1,-1,1,-1,-1,1,1,0,1,-1,-1,-1,1,1,1,1,-1,1,-1,1,1,-1,1,-1,1,-1,-1,-1,1,-1,-1,1,-1,-1,1,1,1,1,1,-1,1,1,1,1,1,-1,1,-1,-1,1,-1,-1,1,1,-1,1,1,-1,1,-1,1,1,-1,1,-1,1,-1,-1,-1,-1,-1,1,1,-1,-1,-1,-1,1,-1,-1,1,-1,1,1,1,-1,1,-1,1,-1,1,1,1,-1,-1,1,-1,1,-1,1,-1,1,1,-1,-1,-1,-1,1,1,-1,0,1,-1,1,1,-1,1,-1,1,1,1,-1,1,1,-1,-1,-1,-1,-1,1,1,1,-1,1,1,1,-1,-1,1,-1,-1,1,-1,1,1,-1,1,1,-1,1,1,-1,-1,1,-1,1,1,1,-1,-1,0,-1,0,-1,0,-1,1,1,-1,1,-1,-1,1,1,-1,-1,1,1,-1,-1,1,-1,-1,-1,0,1,-1,1,1,-1,1,-1,-1,-1,1,1,-1,-1,1,1,1,-1,-1,1,1,-1,1,1,-1,-1,-1,1,-1,1,1,-1,1,1,1,-1,1,-1,1,-1,1,1,1,1,-1,1,-1,-1,-1,1,-1,1,1,1,-1,1,1,-1,-1,-1,1,1,1,-1,1,1,1,1,1,-1,1,-1,1,-1,1,-1,1,-1,1,-1,-1,-1,-1,-1,1,1,1,1,1,-1,-1,-1,1,-1,1,1,-1,1,-1,-1,1,1,-1,1,0,1,1,1,0,1,1,1,-1,-1,1,-1,1,1,-1,1,1,-1,1,-1,1,-1,1,1,-1,-1,0,-1,1,-1,-1,0,-1,1,-1,-1,1,1,1,-1,-1,1,1,1,-1,-1,-1,1,1,-1,1,1,1,1,1,1,-1,1,-1,1,-1,1,1,-1,1,1,-1,1,-1,-1,1,1,-1,1,1,-1,1,1,1,-1,-1,-1,-1,-1,1,1,1,1,-1,1,1,-1,-1,-1,1,-1,-1,-1,1,1,1,-1,-1,1,1,-1,1,-1,-1,-1,1,-1,1,1,-1,-1,1,-1,-1,1,1,1,-1,1,-1,-1,-1,-1,0,-1,1,-1,1,-1,-1,1,1,-1,-1,1,-1,1,1,-1"
003,-972.5902609387532,"1,1,1,1,1,1,-1,-1,1,-1,-1,1,-1,1,-1,-1,-1,-1,1,-1,1,-1,-1,1,-1,-1,-1,1,1,1,-1,0,-1,1,1,1,0,1,1,1,-1,-1,1,-1,-1,-1,1,-1,-1,1,1,-1,1,-1,1,1,-1,-1,-1,1,1,1,1,-1,-1,1,1,1,1,-1,-1,1,1,-1,-1,1,1,1,1,-1,-1,-1,-1,1,-1,1,-1,-1,1,1,-1,1,1,1,-1,1,-1,-1,1,-1,1,-1,-1,1,1,-1,1,-1,-1,-1,-1,1,-1,-1,1,1,-1,1,1,1,-1,1,-1,1,1,1,1,1,-1,1,1,-1,1,1,-1,-1,-1,-1,-1,1,-1,-1,-1,1,-1,1,-1,-1,1,-1,1,0,-1,-1,1,1,1,-1,-1,-1,-1,1,-1,-1,1,-1,1,-1,-1,-1,-1,-1,1,-1,1,1,1,-1,-1,1,-1,-1,1,-1,1,1,-1,1,-1,-1,1,1,1,1,1,-1,1,-1,-1,1,1,-1,1,-1,1,-1,1,1,-1,1,-1,1,1,1,-1,1,-1,1,-1,-1,-1,1,1,1,1,1,-1,1,-1,-1,-1,-1,1,1,1,-1,1,-1,-1,-1,1,1,-1,1,-1,1,-1,-1,1,1,1,-1,1,1,0,-1,1,-1,1,1,-1,-1,-1,1,-1,-1,-1,-1,-1,-1,1,-1,-1,-1,-1,-1,-1,1,-1,1,-1,-1,-1,1,-1,1,-1,1,-1,-1,-1,-1,-1,-1,-1,-1,1,-1,-1,-1,-1,1,1,-1,0,-1,0,-1,0,-1,1,-1,1,-1,-1,-1,-1,-1,-1,1,1,1,1,1,1,-1,-1,1,0,-1,-1,-1,-1,-1,1,-1,1,1,-1,1,-1,1,-1,-1,1,-1,1,1,1,1,1,1,1,-1,1,-1,-1,1,-1,-1,-1,1,-1,-1,1,1,-1,-1,1,-1,-1,1,1,-1,-1,1,-1,-1,-1,-1,1,-1,-1,-1,1,1,-1,1,-1,-1,1,-1,-1,-1,1,1,-1,-1,-1,-1,-1,1,-1,1,-1,-1,-1,1,1,-1,-1,1,1,-1,1,1,-1,1,1,-1,1,-1,1,-1,-1,-1,-1,1,-1,1,1,-1,0,-1,-1,1,0,-1,-1,-1,1,-1,-1,1,-1,-1,-1,1,-1,1,-1,1,1,1,1,1,-1,-1,0,1,-1,1,-1,0,-1,-1,1,-1,-1,-1,-1,-1,-1,1,-1,-1,1,-1,-1,-1,-1,-1,1,-1,1,-1,-1,-1,-1,-1,1,-1,-1,-1,-1,1,-1,1,-1,-1,-1,1,1,1,1,-1,-1,-1,1,-1,-1,1,1,1,-1,1,1,-1,-1,-1,1,1,1,1,-1,-1,-1,-1,1,-1,-1,1,1,1,1,1,-1,-1,1,1,1,1,1,1,-1,-1,1,1,-1,1,-1,-1,-1,-1,-1,1,-1,1,-1,-1,0,-1,1,1,-1,-1,-1,-1,1,-1,1,-1,1,1,1,1"
004,-978.915597826869,"-1,-1,1,1,1,1,1,-1,1,-1,-1,1,-1,1,-1,-1,1,-1,1,1,-1,1,-1,1,1,-1,1,1,1,1,1,0,1,1,1,1,0,-1,-1,1,-1,-1,1,-1,-1,-1,-1,-1,1,-1,-1,1,-1,-1,-1,-1,-1,-1,-1,-1,1,1,-1,1,1,-1,1,1,1,-1,1,-1,1,1,1,1,-1,-1,-1,-1,-1,1,-1,1,-1,-1,-1,1,-1,1,1,-1,1,-1,1,-1,-1,1,-1,-1,-1,1,1,-1,-1,-1,1,-1,1,-1,-1,1,-1,-1,1,-1,-1,1,1,1,-1,-1,-1,-1,1,1,-1,1,1,-1,1,-1,-1,1,1,1,1,-1,1,-1,1,-1,1,-1,1,1,1,1,-1,1,-1,0,1,1,1,-1,1,1,-1,1,1,1,-1,1,-1,1,-1,-1,-1,-1,-1,1,-1,-1,1,1,1,-1,1,-1,-1,1,-1,-1,-1,-1,1,-1,-1,-1,-1,-1,1,-1,1,-1,1,-1,-1,1,1,1,1,-1,-1,1,1,1,-1,-1,-1,-1,-1,1,1,1,-1,-1,-1,-1,1,1,-1,-1,-1,1,-1,-1,1,1,1,1,1,1,1,1,1,1,-1,-1,-1,-1,-1,-1,1,-1,1,1,-1,1,-1,-1,1,1,0,-1,-1,1,-1,-1,-1,1,1,1,-1,-1,-1,-1,1,-1,-1,-1,1,1,1,1,1,1,-1,-1,-1,-1,1,1,-1,-1,-1,1,-1,1,1,-1,-1,1,1,-1,-1,1,-1,-1,1,-1,1,-1,0,-1,0,1,0,-1,1,1,1,-1,-1,-1,-1,-1,-1,1,1,-1,1,1,1,1,-1,1,0,-1,1,1,1,-1,1,1,-1,1,-1,1,-1,1,-1,-1,1,-1,-1,1,1,-1,1,-1,-1,-1,1,1,-1,1,-1,1,-1,-1,-1,1,-1,1,-1,-1,1,-1,1,1,1,1,-1,1,-1,-1,-1,-1,1,-1,-1,1,1,1,1,1,-1,1,1,1,-1,1,1,1,-1,1,1,-1,1,-1,-1,-1,-1,1,1,1,1,1,1,1,-1,1,-1,-1,1,-1,1,1,-1,-1,-1,-1,1,-1,1,1,-1,1,1,-1,0,-1,1,-1,0,1,1,-1,1,1,-1,-1,1,1,-1,-1,1,-1,-1,-1,-1,-1,-1,1,1,1,0,1,1,-1,-1,0,-1,-1,-1,1,1,1,1,-1,1,-1,1,1,-1,1,-1,1,-1,-1,-1,1,-1,-1,-1,-1,-1,-1,1,1,-1,-1,-1,1,-1,-1,1,1,-1,-1,-1,1,-1,-1,-1,-1,-1,-1,-1,-1,1,-1,1,-1,-1,1,-1,-1,-1,1,-1,1,1,1,-1,-1,-1,1,1,-1,1,-1,-1,-1,-1,-1,1,-1,-1,1,1,1,1,1,1,-1,-1,1,1,1,-1,1,1,1,1,1,1,1,0,1,-1,1,1,-1,1,1,1,-1,1,-1,-1,-1,-1,-1"
005,-950.1651688175834,"1,1,-1,1,-1,-1,-1,1,1,1,1,1,-1,1,-1,1,1,-1,1,-1,-1,-1,1,1,1,-1,1,1,-1,-1,-1,0,1,1,-1,-1,0,1,-1,1,-1,1,1,1,-1,-1,1,-1,-1,-1,-1,-1,-1,-1,1,-1,-1,-1,1,1,1,1,-1,1,-1,-1,1,-1,-1,1,1,1,1,-1,-1,-1,-1,1,-1,1,-1,-1,1,1,1,-1,1,1,-1,-1,-1,1,1,1,1,1,-1,1,1,1,-1,-1,1,1,-1,1,1,-1,1,-1,-1,-1,-1,1,1,1,1,-1,-1,-1,-1,1,1,-1,1,-1,-1,1,-1,1,1,1,1,-1,-1,1,-1,1,-1,-1,-1,-1,1,-1,1,-1,-1,-1,-1,1,1,0,-1,1,1,1,-1,-1,-1,1,1,-1,1,-1,-1,-1,-1,-1,1,1,-1,-1,1,-1,1,-1,1,1,1,-1,1,1,1,-1,-1,1,1,-1,1,-1,1,1,-1,1,-1,-1,1,-1,-1,1,-1,1,1,1,1,-1,-1,-1,-1,1,1,1,1,-1,-1,1,-1,1,-1,1,1,-1,-1,1,-1,1,-1,-1,-1,1,-1,1,1,1,-1,1,1,-1,-1,1,1,1,-1,1,1,-1,1,-1,-1,-1,1,1,-1,-1,0,1,-1,1,1,-1,1,-1,1,1,-1,-1,-1,1,-1,1,1,-1,-1,1,-1,-1,1,-1,1,1,-1,-1,1,-1,1,-1,-1,1,1,1,-1,1,1,1,-1,-1,-1,1,-1,1,1,-1,1,1,0,-1,0,-1,0,-1,-1,-1,1,1,-1,-1,-1,-1,1,-1,-1,-1,-1,-1,1,1,-1,-1,0,-1,-1,-1,1,1,1,1,-1,-1,1,-1,-1,-1,-1,1,1,1,-1,-1,-1,1,1,-1,1,1,1,1,-1,1,-1,-1,1,-1,-1,-1,-1,1,1,1,1,-1,1,1,-1,1,1,1,1,1,-1,-1,1,1,1,1,-1,-1,1,-1,1,1,-1,1,-1,1,-1,-1,-1,1,-1,-1,1,-1,-1,1,-1,1,1,-1,-1,1,-1,-1,-1,1,-1,1,-1,-1,1,-1,1,-1,1,1,1,-1,-1,1,-1,1,1,1,0,1,-1,1,0,1,-1,1,1,-1,-1,-1,-1,1,-1,-1,-1,1,-1,-1,1,-1,1,-1,-1,-1,0,-1,-1,1,-1,0,-1,-1,1,-1,-1,-1,1,-1,-1,1,-1,1,1,1,1,-1,-1,-1,-1,1,-1,1,-1,1,1,-1,1,1,1,-1,1,-1,1,-1,1,-1,-1,-1,1,1,-1,-1,1,1,-1,-1,-1,-1,-1,-1,1,-1,-1,1,1,-1,1,-1,-1,-1,-1,-1,1,1,1,1,1,-1,1,-1,1,1,1,1,-1,-1,-1,1,1,1,-1,-1,-1,-1,1,-1,-1,1,-1,-1,1,1,1,1,-1,-1,0,1,-1,-1,-1,1,-1,1,1,1,1,-1,1,-1,1,-1"
006,-967.9526380220713,"1,1,-1,1,-1,1,-1,1,-1,-1,1,1,1,-1,1,-1,-1,-1,-1,-1,1,-1,1,-1,-1,-1,1,-1,1,1,1,0,-1,1,-1,-1,0,1,1,-1,-1,1,1,-1,-1,1,-1,1,-1,-1,1,-1,-1,1,-1,1,-1,-1,1,1,-1,-1,1,-1,1,1,-1,-1,1,1,-1,-1,1,-1,-1,1,-1,-1,-1,1,-1,-1,-1,1,-1,1,1,-1,1,-1,-1,-1,1,-1,1,1,-1,-1,1,-1,1,1,-1,1,-1,1,-1,-1,1,-1,1,-1,-1,1,-1,1,-1,-1,1,-1,-1,-1,-1,1,-1,1,1,-1,-1,-1,1,-1,-1,-1,1,-1,-1,1,-1,-1,-1,1,1,-1,1,-1,1,-1,-1,-1,-1,0,-1,1,1,1,1,1,1,1,-1,-1,-1,1,1,-1,1,-1,-1,1,-1,-1,-1,1,1,-1,1,-1,-1,1,1,-1,1,-1,-1,-1,1,-1,-1,-1,-1,1,-1,1,-1,-1,-1,1,1,-1,-1,-1,1,-1,-1,1,-1,-1,1,-1,1,1,1,1,1,1,-1,-1,-1,1,1,1,1,1,1,1,-1,1,1,1,-1,-1,1,1,1,1,1,1,1,1,-1,1,1,-1,-1,-1,-1,-1,-1,1,1,-1,-1,1,0,-1,1,1,1,-1,1,-1,-1,1,-1,-1,-1,1,1,1,1,1,1,-1,1,-1,-1,-1,1,-1,1,1,1,-1,1,-1,-1,-1,1,1,1,1,1,1,-1,-1,-1,1,1,-1,1,1,1,1,0,-1,0,1,0,-1,1,1,-1,1,1,1,1,-1,-1,1,-1,1,-1,-1,-1,1,1,1,0,1,1,1,1,-1,-1,1,1,1,-1,1,1,-1,1,-1,1,-1,-1,1,-1,1,1,1,-1,-1,-1,1,1,-1,1,1,1,-1,-1,-1,-1,1,1,1,1,1,-1,-1,1,1,1,1,-1,-1,-1,1,-1,1,1,-1,-1,1,1,1,1,-1,-1,-1,1,-1,-1,1,-1,1,1,1,1,-1,-1,1,1,-1,-1,1,1,-1,-1,-1,1,1,-1,1,-1,1,-1,-1,-1,1,1,1,1,-1,-1,-1,1,-1,1,1,0,1,1,-1,0,-1,-1,-1,-1,1,1,-1,-1,-1,1,-1,-1,1,1,-1,1,-1,1,-1,-1,1,0,1,1,1,-1,0,1,1,-1,1,1,1,1,-1,-1,1,1,-1,1,-1,1,1,-1,-1,-1,-1,1,-1,-1,-1,-1,-1,1,1,-1,1,-1,-1,-1,1,-1,1,1,1,1,-1,-1,-1,1,-1,1,-1,1,-1,1,-1,1,-1,1,1,1,1,1,1,-1,-1,-1,-1,-1,-1,1,1,-1,-1,-1,1,-1,1,1,1,1,-1,1,-1,-1,-1,1,1,1,1,1,1,1,-1,1,-1,1,1,1,1,-1,-1,0,-1,1,-1,-1,1,1,1,-1,-1,-1,1,-1,1,-1,1"
007,-956.9717755103327,"1,1,-1,1,1,1,-1,-1,1,-1,1,1,1,-1,-1,1,1,1,1,-1,1,1,-1,1,1,-1,1,-1,-1,1,-1,0,-1,-1,-1,-1,0,-1,-1,1,1,1,1,-1,-1,1,-1,1,-1,-1,-1,1,-1,1,1,-1,-1,1,1,1,-1,-1,1,-1,-1,1,1,-1,-1,-1,-1,1,1,-1,1,1,-1,-1,1,1,1,1,-1,-1,1,-1,1,1,1,-1,1,-1,1,-1,-1,1,-1,1,-1,1,1,-1,1,1,1,-1,-1,-1,-1,-1,1,1,1,1,-1,-1,-1,-1,1,1,1,-1,-1,1,1,1,-1,1,1,1,-1,1,-1,1,-1,1,1,1,1,1,1,1,1,1,1,1,-1,1,1,1,1,0,1,-1,1,-1,1,1,1,-1,-1,1,1,-1,-1,1,-1,-1,-1,1,-1,-1,1,1,1,1,-1,1,1,1,-1,-1,-1,-1,-1,1,1,1,1,1,-1,-1,-1,1,1,1,1,-1,-1,-1,-1,-1,-1,-1,-1,-1,1,-1,1,-1,1,-1,1,-1,-1,1,1,-1,-1,-1,1,-1,-1,-1,1,-1,-1,1,1,1,-1,1,-1,1,1,1,-1,1,-1,-1,1,1,1,1,1,-1,1,1,-1,1,-1,1,1,1,0,1,1,1,-1,-1,1,1,1,1,-1,1,1,1,1,-1,-1,-1,-1,1,-1,-1,1,-1,-1,1,1,1,-1,1,1,1,-1,1,-1,-1,-1,-1,1,1,-1,-1,1,-1,1,1,1,-1,1,-1,0,1,0,-1,0,1,-1,1,1,1,-1,-1,1,-1,1,-1,-1,-1,1,-1,1,-1,-1,1,0,-1,-1,1,1,-1,1,-1,-1,1,-1,1,-1,1,-1,1,-1,1,-1,-1,-1,-1,1,1,1,1,-1,-1,1,1,1,1,-1,-1,-1,-1,-1,1,-1,1,-1,-1,-1,-1,-1,1,1,-1,1,1,-1,-1,-1,1,1,-1,-1,1,1,-1,1,-1,-1,-1,1,1,-1,-1,-1,1,1,-1,1,-1,1,-1,1,1,1,1,-1,1,-1,-1,1,1,1,-1,-1,-1,1,-1,-1,-1,-1,-1,-1,1,1,-1,-1,1,-1,1,0,1,-1,1,0,-1,-1,1,-1,1,-1,1,-1,1,1,-1,1,-1,-1,-1,-1,1,-1,1,1,-1,0,-1,-1,-1,1,0,-1,1,1,-1,1,-1,-1,1,-1,1,1,1,1,1,-1,1,1,-1,-1,-1,-1,1,1,1,-1,1,-1,-1,1,-1,-1,1,-1,1,-1,1,1,1,1,1,1,1,-1,-1,-1,1,1,-1,1,-1,1,1,-1,-1,-1,-1,1,1,-1,1,-1,1,1,-1,-1,-1,1,-1,1,1,-1,-1,1,-1,1,-1,-1,-1,-1,-1,1,-1,-1,1,-1,-1,1,-1,-1,1,-1,-1,-1,-1,1,-1,0,-1,1,1,1,-1,-1,1,-1,-1,-1,-1,1,-1,-1,1"
008,-956.9216654218192,"1,1,-1,-1,-1,-1,-1,-1,1,-1,-1,-1,-1,-1,1,-1,-1,-1,1,-1,-1,1,-1,1,1,-1,1,-1,1,-1,1,0,1,-1,-1,1,0,-1,1,1,-1,-1,-1,1,-1,-1,1,1,-1,-1,-1,-1,1,-1,1,-1,-1,-1,1,-1,1,1,-1,-1,-1,1,-1,-1,1,1,1,1,-1,-1,-1,1,1,1,-1,-1,-1,-1,1,-1,-1,1,-1,1,1,-1,1,1,-1,-1,-1,-1,1,-1,-1,-1,1,-1,1,-1,1,-1,1,-1,-1,-1,-1,1,1,1,-1,-1,-1,-1,1,-1,-1,1,-1,-1,1,-1,-1,-1,1,-1,-1,1,-1,1,1,-1,-1,-1,-1,-1,-1,-1,1,-1,1,-1,1,1,-1,1,1,0,-1,-1,-1,-1,-1,1,1,-1,-1,1,-1,-1,1,-1,1,-1,1,1,-1,-1,-1,1,-1,-1,-1,-1,1,-1,-1,1,-1,-1,-1,-1,1,1,1,-1,-1,-1,-1,1,-1,-1,-1,-1,1,1,1,1,1,-1,1,-1,1,-1,1,1,-1,-1,-1,-1,1,-1,1,-1,-1,1,-1,1,-1,-1,-1,-1,-1,1,-1,1,1,-1,-1,-1,1,1,1,1,-1,1,1,1,1,1,1,-1,1,1,-1,-1,1,-1,1,-1,0,-1,1,1,-1,1,-1,1,-1,-1,-1,1,-1,1,1,1,1,-1,-1,-1,-1,-1,1,-1,1,-1,1,-1,1,-1,-1,1,-1,-1,-1,1,-1,-1,-1,1,1,1,-1,1,-1,1,-1,1,-1,-1,0,1,0,-1,0,1,1,-1,1,1,-1,-1,-1,-1,-1,1,-1,-1,-1,1,1,1,-1,-1,0,-1,-1,1,-1,1,1,1,-1,-1,-1,-1,1,-1,1,1,-1,1,-1,1,1,1,1,-1,1,-1,-1,1,1,-1,-1,-1,-1,1,1,-1,-1,-1,-1,1,1,1,-1,1,1,1,1,1,1,-1,1,-1,1,1,-1,-1,-1,1,1,-1,1,1,1,-1,-1,1,-1,1,1,-1,-1,-1,-1,1,-1,1,1,1,-1,1,1,1,-1,1,1,-1,1,-1,1,1,1,-1,1,-1,-1,1,-1,-1,-1,1,-1,-1,1,-1,0,-1,1,1,0,1,-1,1,-1,-1,-1,1,-1,1,1,-1,1,1,-1,-1,1,-1,1,-1,1,1,0,1,-1,1,-1,0,-1,1,1,-1,-1,1,-1,1,-1,-1,-1,1,-1,1,-1,-1,1,1,-1,-1,-1,1,1,1,-1,-1,1,1,-1,1,-1,-1,-1,1,1,1,1,-1,1,-1,-1,1,-1,-1,-1,-1,-1,-1,-1,-1,1,1,-1,-1,-1,1,-1,1,-1,1,1,1,-1,1,-1,-1,1,-1,1,1,-1,-1,-1,1,1,-1,1,1,-1,-1,1,1,-1,-1,-1,1,1,-1,1,1,-1,-1,1,1,-1,-1,0,-1,1,1,-1,1,1,1,1,-1,1,1,1,-1,-1,1"
009,-979.2803505154212,"-1,1,-1,1,1,1,1,1,1,1,1,1,-1,-1,-1,-1,1,1,-1,-1,-1,-1,1,-1,-1,1,1,-1,-1,1,-1,0,1,1,-1,-1,0,1,1,1,-1,1,-1,-1,1,1,-1,1,-1,1,-1,1,-1,-1,-1,-1,-1,1,1,-1,1,1,1,1,1,1,-1,-1,-1,1,1,1,1,-1,1,1,1,-1,1,1,1,1,1,-1,1,-1,1,1,1,-1,-1,-1,-1,1,-1,-1,1,1,-1,-1,1,-1,-1,1,-1,1,-1,1,1,-1,-1,1,1,1,-1,-1,-1,1,-1,1,1,-1,1,1,1,1,-1,-1,1,1,1,-1,1,1,-1,1,1,1,-1,1,-1,-1,-1,-1,-1,1,1,-1,-1,1,1,0,-1,1,1,1,-1,-1,-1,1,1,-1,1,-1,1,1,1,1,-1,1,-1,1,1,-1,-1,-1,1,-1,1,-1,1,-1,-1,1,-1,1,-1,-1,-1,1,1,1,-1,-1,1,-1,1,-1,1,1,-1,1,1,1,-1,1,-1,-1,1,-1,-1,1,1,-1,1,-1,-1,-1,1,1,1,-1,-1,-1,-1,1,-1,1,1,1,1,1,-1,1,1,1,1,-1,-1,-1,1,-1,-1,-1,-1,1,-1,1,1,-1,-1,1,1,1,0,-1,-1,-1,1,1,-1,-1,-1,1,-1,1,1,1,-1,-1,-1,-1,-1,1,-1,-1,1,-1,-1,1,1,1,1,1,1,1,1,-1,-1,-1,-1,-1,1,1,1,1,-1,-1,1,-1,1,1,-1,-1,0,1,0,-1,0,1,1,1,1,1,1,1,-1,-1,-1,-1,-1,1,-1,1,-1,-1,-1,-1,0,1,1,1,1,1,1,1,-1,-1,1,-1,1,-1,-1,-1,-1,-1,1,1,1,-1,1,-1,1,1,1,1,-1,-1,1,1,-1,1,1,-1,-1,-1,1,-1,-1,1,-1,1,-1,1,1,1,-1,-1,-1,-1,1,1,1,-1,-1,-1,-1,-1,1,1,-1,1,1,1,-1,-1,1,-1,1,1,-1,1,1,1,-1,-1,1,-1,1,1,1,-1,-1,1,-1,-1,1,1,-1,-1,1,1,-1,1,1,1,1,-1,1,1,1,1,0,-1,-1,-1,0,1,-1,1,-1,-1,1,-1,-1,-1,-1,1,1,1,1,1,1,-1,-1,1,1,-1,0,1,1,-1,1,0,-1,1,-1,1,-1,-1,-1,-1,1,-1,-1,1,-1,-1,1,-1,-1,-1,-1,-1,1,1,-1,1,-1,1,1,1,-1,1,-1,-1,-1,-1,-1,-1,1,1,-1,-1,-1,-1,1,1,1,-1,-1,1,1,1,-1,1,-1,-1,-1,1,1,1,-1,-1,-1,1,1,1,-1,-1,1,1,1,1,-1,1,-1,-1,1,1,-1,1,-1,1,1,-1,-1,-1,1,-1,1,-1,1,-1,1,-1,-1,-1,1,-1,0,1,1,1,1,1,1,1,-1,-1,-1,1,-1,-1,-1,1"
010,-971.3798235517656,"-1,1,1,-1,1,-1,-1,1,-1,-1,-1,-1,1,-1,1,1,-1,-1,1,1,1,-1,-1,-1,-1,-1,1,-1,-1,-1,-1,0,1,-1,1,1,0,-1,1,-1,1,-1,1,-1,1,1,-1,1,1,1,1,1,1,1,1,1,-1,-1,-1,1,-1,-1,1,-1,-1,1,-1,1,1,-1,1,-1,-1,1,-1,1,1,1,-1,1,1,-1,-1,1,1,-1,-1,-1,-1,-1,1,1,-1,-1,1,-1,-1,-1,-1,-1,1,-1,1,-1,-1,-1,1,-1,-1,-1,1,1,1,1,-1,-1,1,1,-1,1,1,1,1,1,1,1,-1,-1,-1,1,-1,-1,-1,1,-1,1,1,-1,1,1,1,-1,-1,1,-1,1,1,1,-1,1,-1,0,1,-1,1,-1,1,-1,1,1,1,-1,-1,-1,-1,-1,1,-1,1,-1,1,-1,-1,-1,-1,1,-1,1,-1,1,1,1,1,-1,1,1,-1,-1,-1,1,-1,1,-1,-1,-1,1,-1,-1,1,-1,1,-1,1,1,1,1,-1,1,-1,-1,-1,1,1,-1,1,-1,-1,-1,1,-1,1,1,-1,-1,-1,1,-1,1,-1,-1,1,-1,1,-1,-1,-1,1,1,-1,-1,1,-1,1,-1,-1,1,-1,1,1,1,1,1,1,-1,0,-1,1,-1,-1,-1,1,-1,1,-1,1,1,-1,1,-1,-1,-1,1,1,-1,-1,-1,-1,-1,1,1,-1,-1,-1,-1,-1,1,-1,1,-1,1,-1,-1,-1,-1,-1,-1,-1,1,-1,1,-1,1,1,1,0,1,0,1,0,-1,1,1,1,-1,-1,-1,1,-1,1,1,-1,-1,1,-1,1,1,-1,-1,0,-1,-1,-1,1,1,1,1,-1,1,1,-1,-1,1,-1,1,-1,-1,-1,-1,-1,1,1,-1,-1,-1,-1,-1,-1,1,-1,1,-1,1,-1,-1,1,1,-1,-1,1,1,1,1,-1,-1,1,-1,-1,-1,1,-1,-1,-1,1,-1,-1,-1,-1,-1,-1,-1,1,1,1,-1,1,1,-1,1,-1,-1,-1,-1,-1,-1,1,1,1,-1,-1,1,-1,1,1,-1,-1,-1,1,-1,-1,-1,1,1,-1,-1,-1,-1,1,-1,1,1,1,-1,0,1,1,1,0,-1,-1,-1,-1,-1,1,-1,-1,1,1,1,-1,-1,1,1,-1,-1,1,1,1,1,0,-1,-1,1,-1,0,1,-1,1,1,1,-1,-1,-1,1,1,-1,-1,1,-1,-1,1,-1,-1,-1,-1,1,-1,1,-1,-1,-1,1,-1,1,-1,1,1,-1,1,-1,-1,-1,-1,-1,1,1,1,1,1,1,1,1,1,-1,1,1,-1,-1,-1,1,-1,1,-1,-1,-1,-1,1,-1,1,-1,1,1,-1,1,-1,1,-1,-1,-1,1,-1,1,-1,1,1,1,-1,-1,1,-1,-1,1,1,1,-1,1,-1,-1,1,1,-1,0,1,1,1,1,1,1,1,-1,1,-1,-1,1,-1,-1,-1"
011,-986.4714535513093,"-1,1,1,-1,-1,-1,1,-1,-1,1,1,-1,-1,1,-1,1,-1,-1,1,-1,-1,-1,-1,1,1,-1,-1,1,-1,-1,-1,0,-1,-1,-1,1,0,1,1,1,1,-1,1,-1,1,1,1,-1,1,1,1,1,1,1,1,1,1,1,1,-1,-1,1,-1,1,-1,1,1,-1,1,1,1,-1,-1,-1,-1,-1,-1,-1,1,-1,1,-1,-1,1,-1,-1,-1,1,1,1,1,1,1,1,1,-1,-1,1,1,-1,1,1,1,1,1,-1,1,-1,-1,-1,1,1,-1,-1,1,1,1,1,1,1,1,1,-1,1,1,-1,1,1,1,-1,1,1,-1,1,-1,1,-1,1,1,1,-1,1,-1,1,-1,1,-1,1,-1,1,-1,0,1,1,-1,-1,1,-1,1,-1,1,1,1,1,1,-1,1,1,-1,1,-1,-1,1,1,-1,1,-1,1,1,-1,1,1,1,1,1,-1,-1,-1,-1,-1,1,1,1,-1,-1,1,1,1,-1,1,1,-1,1,-1,-1,-1,1,-1,-1,1,1,1,-1,-1,-1,-1,-1,1,-1,1,-1,-1,1,-1,-1,-1,1,1,-1,-1,1,-1,1,-1,1,1,1,-1,1,1,1,-1,-1,-1,1,1,-1,-1,-1,1,-1,-1,1,-1,0,-1,-1,1,-1,-1,-1,1,1,1,1,-1,-1,1,-1,-1,-1,-1,1,1,1,1,-1,1,-1,1,1,1,-1,1,-1,-1,1,1,1,-1,-1,-1,-1,1,1,1,1,1,-1,1,1,1,1,1,0,1,0,1,0,-1,-1,1,1,-1,1,-1,-1,1,1,-1,1,1,1,1,-1,1,1,1,0,1,1,-1,1,-1,-1,1,-1,1,-1,-1,1,1,-1,1,-1,1,1,1,1,1,-1,-1,1,-1,1,1,1,-1,-1,1,-1,-1,1,1,-1,1,1,1,-1,1,1,1,-1,1,1,1,1,1,1,1,1,-1,1,1,1,-1,-1,1,1,1,-1,-1,1,-1,-1,-1,1,-1,1,-1,-1,-1,-1,-1,1,-1,1,1,1,1,1,1,-1,-1,-1,-1,-1,-1,1,1,1,-1,-1,1,-1,-1,-1,1,1,-1,-1,-1,0,-1,1,-1,0,1,-1,1,-1,1,-1,-1,-1,-1,-1,1,-1,-1,-1,-1,1,1,1,1,1,1,0,1,-1,-1,-1,0,1,-1,-1,1,1,1,1,1,1,1,1,-1,1,1,-1,-1,1,1,1,1,-1,-1,-1,-1,1,1,1,-1,1,1,1,-1,1,-1,1,1,1,-1,1,-1,-1,-1,-1,-1,-1,-1,-1,1,-1,-1,-1,1,-1,-1,1,-1,1,1,1,1,-1,1,1,-1,-1,-1,-1,1,1,-1,1,-1,-1,-1,-1,-1,1,1,1,1,1,-1,-1,1,1,-1,1,-1,1,1,1,1,1,-1,-1,-1,0,-1,-1,1,1,1,-1,1,-1,-1,1,1,-1,1,1,1"
012,-936.5184821902834,"1,-1,1,1,1,-1,-1,1,1,-1,1,-1,-1,1,-1,-1,1,1,1,-1,1,-1,1,1,-1,-1,-1,1,1,1,1,0,1,-1,1,-1,0,1,-1,-1,1,1,1,1,1,1,-1,1,1,-1,-1,-1,-1,1,-1,-1,1,-1,-1,-1,-1,-1,-1,-1,-1,1,1,1,1,-1,1,-1,-1,1,-1,-1,1,-1,-1,-1,1,1,-1,1,-1,-1,-1,-1,1,-1,1,1,1,-1,1,1,1,-1,1,-1,1,1,1,1,1,-1,1,-1,1,-1,-1,-1,1,1,1,1,-1,-1,1,-1,1,-1,-1,1,1,-1,1,1,1,1,-1,-1,1,1,1,1,1,1,1,1,-1,-1,-1,1,1,-1,1,-1,-1,-1,1,0,1,1,-1,-1,-1,-1,-1,1,-1,1,1,1,1,-1,-1,-1,-1,1,1,-1,-1,1,-1,1,1,-1,1,-1,-1,1,1,1,1,1,1,1,-1,-1,-1,1,1,-1,1,1,1,-1,1,1,1,1,1,1,1,1,1,-1,-1,-1,1,-1,1,1,1,1,1,1,1,-1,-1,-1,1,-1,1,1,1,-1,-1,1,1,1,1,1,1,-1,1,-1,-1,1,-1,1,-1,1,1,-1,1,1,1,-1,-1,1,1,1,0,-1,1,1,-1,1,1,-1,-1,1,-1,-1,1,1,1,1,-1,-1,1,-1,-1,-1,-1,1,-1,1,1,1,-1,1,1,-1,-1,1,1,-1,-1,-1,1,1,1,-1,-1,1,1,1,-1,1,-1,1,0,1,0,1,0,1,1,1,-1,1,1,-1,-1,-1,1,1,-1,1,1,1,1,-1,1,-1,0,-1,-1,-1,-1,-1,-1,1,1,-1,-1,1,1,1,1,1,-1,1,-1,1,1,1,1,1,1,-1,1,1,1,1,1,1,1,1,-1,-1,1,1,1,1,-1,1,1,1,1,1,1,1,-1,-1,-1,1,1,-1,1,-1,1,-1,1,-1,-1,-1,1,-1,-1,-1,-1,1,1,-1,-1,-1,1,-1,1,1,1,-1,1,1,-1,-1,1,1,-1,-1,1,1,-1,1,-1,1,-1,1,-1,-1,1,1,1,-1,1,1,1,-1,0,-1,1,1,0,-1,1,1,1,1,1,-1,1,1,1,1,1,-1,-1,1,-1,1,1,1,-1,-1,0,-1,1,1,-1,0,-1,1,-1,1,1,-1,1,1,1,-1,1,1,1,-1,1,-1,-1,-1,1,1,-1,1,1,-1,1,-1,-1,-1,-1,-1,1,-1,1,-1,1,-1,-1,-1,1,-1,1,1,1,1,1,-1,-1,-1,-1,-1,1,-1,1,-1,1,-1,1,-1,1,-1,1,-1,1,1,1,1,-1,-1,-1,1,1,1,-1,-1,-1,-1,-1,-1,-1,-1,1,-1,1,-1,-1,-1,1,1,-1,1,-1,-1,1,-1,1,-1,0,-1,1,1,1,-1,1,1,1,-1,-1,-1,1,1,-1,1"
013,-991.3757127373719,"-1,1,1,-1,-1,1,1,1,1,-1,1,-1,1,1,-1,1,-1,-1,1,1,-1,1,-1,-1,1,1,-1,1,1,1,-1,0,-1,-1,1,-1,0,-1,-1,1,-1,1,-1,-1,-1,1,-1,1,1,1,1,1,-1,1,-1,1,-1,-1,-1,-1,-1,-1,-1,-1,1,1,-1,-1,-1,1,1,-1,1,1,-1,1,-1,-1,1,-1,-1,1,-1,-1,-1,1,-1,-1,1,-1,-1,-1,-1,-1,-1,1,-1,1,-1,1,1,1,1,1,1,1,-1,-1,1,-1,1,1,1,-1,-1,-1,1,-1,-1,1,1,-1,-1,1,-1,-1,-1,-1,-1,1,-1,-1,-1,1,-1,-1,1,1,1,-1,1,-1,1,1,1,-1,-1,1,1,1,1,0,1,1,-1,1,1,1,-1,-1,1,-1,1,-1,-1,1,1,1,-1,-1,1,-1,-1,-1,-1,-1,1,-1,1,1,-1,-1,-1,1,-1,-1,-1,1,1,1,-1,1,-1,1,-1,-1,-1,-1,1,-1,-1,-1,1,-1,1,1,-1,-1,1,1,1,1,-1,-1,-1,1,1,1,1,1,1,-1,-1,1,1,-1,-1,1,1,-1,1,1,-1,1,1,1,1,-1,1,1,-1,1,1,1,1,1,1,-1,1,1,-1,1,-1,1,0,-1,-1,-1,1,-1,1,1,1,-1,-1,1,-1,-1,1,1,-1,1,1,1,1,1,-1,-1,-1,1,1,1,-1,-1,1,1,1,-1,1,-1,1,1,-1,1,1,1,1,1,1,-1,1,-1,1,-1,0,-1,0,1,0,-1,1,-1,-1,1,-1,1,1,-1,1,-1,-1,1,1,1,1,1,-1,1,0,1,1,-1,-1,-1,-1,-1,1,1,1,1,-1,1,-1,1,-1,-1,1,1,1,-1,-1,-1,1,-1,-1,1,-1,-1,1,1,1,-1,1,-1,1,1,1,-1,-1,1,1,-1,-1,1,-1,1,1,1,-1,1,-1,-1,-1,1,1,1,1,1,-1,-1,1,-1,-1,1,1,1,-1,-1,1,1,-1,1,-1,1,1,1,1,-1,-1,-1,-1,1,-1,-1,-1,-1,-1,1,1,-1,1,-1,1,1,1,-1,-1,-1,-1,1,-1,-1,0,1,1,-1,0,-1,1,1,-1,1,-1,1,-1,-1,-1,1,-1,-1,-1,-1,1,-1,-1,1,1,1,0,-1,-1,1,1,0,1,-1,-1,-1,-1,-1,1,1,1,-1,-1,1,-1,-1,1,1,1,-1,1,1,-1,1,1,1,1,-1,-1,-1,1,1,1,-1,-1,-1,-1,1,-1,-1,-1,1,-1,1,-1,-1,-1,1,-1,1,-1,-1,-1,1,-1,1,1,1,1,1,-1,1,-1,-1,1,-1,1,-1,-1,1,1,1,1,-1,-1,1,1,1,-1,1,-1,-1,-1,1,1,-1,-1,-1,1,-1,-1,-1,1,-1,1,-1,1,-1,0,-1,-1,1,1,1,1,-1,-1,-1,-1,-1,-1,-1,1,-1"
014,-990.0658778789197,"1,1,-1,1,1,1,-1,-1,1,-1,1,1,-1,-1,-1,1,-1,-1,-1,-1,-1,-1,1,1,-1,1,-1,1,1,1,1,0,1,-1,-1,1,0,-1,-1,1,-1,-1,1,-1,-1,-1,-1,-1,1,-1,-1,1,1,-1,1,-1,1,1,-1,-1,-1,1,1,1,-1,-1,-1,1,1,-1,1,-1,-1,1,-1,1,-1,1,1,1,1,1,1,-1,-1,1,-1,1,-1,-1,1,1,1,-1,1,-1,1,-1,1,-1,-1,-1,-1,-1,-1,1,1,1,-1,-1,-1,1,-1,-1,1,1,-1,1,1,1,1,1,1,-1,1,-1,1,-1,1,1,-1,1,1,-1,-1,1,-1,-1,-1,-1,-1,1,1,1,1,-1,1,1,-1,1,1,0,1,1,1,-1,1,1,-1,-1,-1,-1,-1,1,-1,1,-1,1,1,-1,1,-1,1,1,-1,1,1,1,-1,1,1,-1,1,-1,-1,-1,-1,1,-1,1,-1,1,1,1,-1,-1,1,1,1,1,-1,1,-1,1,1,-1,-1,1,-1,-1,-1,-1,-1,-1,-1,1,-1,1,-1,-1,-1,-1,1,1,-1,1,-1,1,-1,1,-1,1,1,1,-1,-1,-1,1,-1,1,-1,1,-1,-1,1,1,1,1,-1,1,1,-1,-1,1,0,-1,-1,1,-1,1,-1,1,-1,1,1,1,1,-1,1,-1,1,-1,1,-1,-1,-1,-1,1,1,1,1,1,1,1,-1,1,1,1,1,1,-1,1,-1,1,1,-1,1,1,1,-1,-1,-1,-1,1,0,1,0,-1,0,1,-1,1,-1,1,1,-1,-1,-1,-1,-1,1,1,-1,-1,1,1,1,-1,0,-1,-1,-1,1,1,1,1,1,1,-1,-1,-1,-1,-1,-1,1,1,1,-1,1,-1,-1,-1,1,-1,1,-1,1,-1,-1,1,-1,1,-1,1,-1,-1,-1,1,-1,-1,-1,1,-1,1,-1,1,1,-1,-1,1,-1,-1,-1,1,-1,-1,1,-1,1,1,-1,1,1,-1,-1,1,1,-1,-1,-1,-1,-1,-1,-1,-1,-1,-1,1,-1,-1,-1,1,-1,-1,-1,1,1,-1,1,-1,1,-1,-1,-1,1,-1,1,-1,-1,-1,-1,-1,0,1,1,1,0,1,1,1,1,1,1,-1,1,-1,1,-1,1,1,1,1,-1,1,-1,1,1,1,0,1,1,-1,-1,0,-1,-1,1,1,1,-1,-1,-1,1,-1,1,1,1,-1,-1,-1,1,-1,-1,-1,-1,-1,1,1,-1,-1,-1,-1,-1,-1,1,-1,-1,1,-1,1,1,-1,-1,-1,-1,-1,1,-1,1,-1,1,-1,1,1,1,1,1,-1,1,-1,-1,-1,-1,-1,-1,-1,-1,1,-1,1,-1,-1,1,1,-1,1,1,1,-1,-1,-1,1,-1,-1,-1,1,1,-1,-1,1,1,1,-1,1,-1,1,-1,-1,1,1,0,1,-1,1,-1,-1,-1,1,1,1,-1,1,1,-1,-1,-1"
015,-947.8984186314283,"-1,1,1,-1,-1,1,-1,1,1,-1,1,1,-1,-1,-1,-1,1,-1,1,-1,1,-1,-1,1,1,1,1,1,1,-1,1,0,-1,-1,1,1,0,-1,-1,-1,-1,1,-1,1,-1,-1,-1,-1,-1,1,1,-1,1,1,-1,-1,-1,-1,1,1,-1,-1,-1,1,-1,1,-1,-1,-1,1,1,-1,-1,1,1,-1,1,1,1,-1,-1,-1,1,-1,1,1,1,-1,1,1,-1,-1,1,1,1,-1,1,-1,1,1,-1,1,1,1,1,1,1,-1,-1,-1,-1,-1,-1,1,1,-1,-1,1,1,-1,1,-1,1,-1,1,1,1,1,-1,1,1,-1,-1,-1,1,-1,1,1,-1,1,-1,-1,-1,-1,-1,1,1,1,1,1,-1,0,-1,1,-1,1,-1,1,-1,1,-1,-1,-1,1,1,-1,1,-1,1,-1,-1,-1,1,-1,-1,-1,1,1,1,-1,1,-1,-1,-1,-1,1,-1,-1,-1,1,-1,1,-1,-1,-1,1,1,-1,1,1,-1,1,-1,1,1,-1,-1,1,-1,1,1,1,-1,1,1,1,1,-1,1,1,1,1,1,1,1,-1,-1,-1,-1,-1,-1,1,-1,1,1,1,-1,1,1,-1,-1,-1,-1,-1,1,-1,-1,1,-1,1,1,-1,-1,1,0,1,-1,-1,1,-1,-1,-1,-1,-1,-1,1,-1,1,-1,-1,1,-1,-1,1,-1,-1,-1,-1,-1,-1,-1,1,-1,-1,1,-1,-1,-1,1,-1,-1,-1,1,1,1,-1,1,-1,-1,-1,-1,1,-1,-1,0,-1,0,-1,0,-1,1,-1,-1,1,1,-1,1,-1,1,-1,1,-1,1,-1,1,1,1,-1,0,1,-1,1,1,-1,1,1,-1,-1,-1,1,1,-1,1,1,1,1,-1,-1,1,-1,-1,-1,-1,1,1,1,1,-1,-1,-1,-1,-1,-1,1,1,1,-1,1,1,1,1,-1,-1,-1,1,-1,1,1,-1,1,1,1,1,1,1,-1,1,-1,1,-1,-1,1,1,-1,-1,-1,1,1,-1,1,1,-1,-1,1,-1,1,1,-1,1,-1,-1,1,1,1,1,-1,-1,-1,1,1,-1,-1,-1,-1,1,-1,-1,-1,1,1,1,-1,0,-1,-1,1,0,1,-1,-1,1,-1,1,-1,-1,1,-1,-1,1,1,1,-1,-1,-1,-1,1,1,-1,0,1,1,1,-1,0,1,1,1,-1,1,-1,1,-1,1,1,1,1,-1,1,-1,1,1,1,1,1,1,1,-1,-1,1,-1,1,1,-1,1,-1,-1,1,1,-1,-1,-1,-1,1,-1,-1,1,1,1,-1,-1,-1,-1,-1,1,1,-1,-1,1,-1,-1,1,1,-1,-1,-1,1,1,1,-1,1,1,-1,-1,-1,1,1,1,-1,1,1,1,1,-1,1,1,-1,-1,1,1,1,1,1,-1,-1,-1,1,-1,1,1,-1,0,-1,1,1,1,-1,-1,-1,-1,1,1,1,1,1,1,-1"
016,-946.6936617775796,"1,1,-1,1,1,-1,1,1,-1,-1,1,-1,1,1,-1,1,1,1,-1,1,1,1,1,-1,1,-1,1,1,-1,1,-1,0,-1,-1,1,-1,0,1,1,1,1,1,-1,-1,-1,1,-1,1,1,-1,1,-1,-1,1,-1,1,1,-1,1,1,1,1,-1,-1,1,-1,-1,-1,1,1,-1,1,1,-1,1,1,-1,-1,1,1,1,1,1,1,-1,1,-1,-1,-1,-1,1,1,-1,1,1,1,-1,1,-1,1,1,1,1,-1,1,1,-1,-1,1,-1,1,1,-1,-1,1,1,-1,-1,1,1,1,1,1,-1,-1,-1,1,-1,-1,-1,-1,-1,1,-1,1,-1,1,-1,1,-1,-1,1,-1,-1,1,-1,1,1,-1,-1,1,0,1,1,-1,-1,-1,-1,1,1,-1,-1,1,1,-1,-1,-1,-1,1,-1,-1,1,-1,-1,1,1,1,-1,-1,-1,1,-1,1,-1,1,-1,-1,1,-1,1,-1,1,1,-1,-1,1,-1,1,-1,-1,1,-1,-1,1,-1,-1,1,-1,1,1,-1,-1,1,-1,1,1,1,-1,1,-1,-1,1,1,1,1,1,-1,1,1,-1,-1,-1,-1,-1,-1,-1,-1,-1,-1,-1,-1,-1,-1,-1,1,-1,-1,1,1,-1,1,1,-1,-1,0,1,-1,-1,-1,1,-1,1,-1,1,-1,-1,1,-1,-1,1,1,-1,1,-1,-1,-1,-1,1,1,1,1,-1,-1,1,1,1,-1,1,-1,1,-1,1,-1,-1,1,-1,1,-1,-1,-1,-1,-1,1,1,0,-1,0,-1,0,-1,-1,-1,1,-1,-1,1,1,-1,1,-1,1,-1,-1,1,-1,-1,1,1,0,1,1,-1,-1,-1,1,-1,1,1,-1,1,1,-1,-1,1,-1,1,1,1,1,-1,-1,-1,-1,-1,-1,1,-1,-1,-1,-1,1,1,-1,-1,-1,-1,1,1,-1,-1,1,-1,-1,-1,-1,-1,1,-1,-1,-1,1,-1,-1,-1,-1,-1,-1,1,1,1,-1,1,1,1,1,1,-1,-1,-1,-1,1,-1,-1,-1,1,1,1,1,-1,-1,-1,-1,-1,-1,1,-1,1,-1,1,1,-1,-1,-1,1,-1,1,1,-1,-1,1,-1,1,0,1,-1,-1,0,1,1,1,1,1,1,1,-1,1,1,1,-1,1,1,1,-1,1,1,1,1,1,0,1,-1,-1,-1,0,1,1,1,-1,1,1,-1,1,1,1,-1,1,-1,-1,1,-1,-1,-1,1,-1,1,-1,-1,-1,-1,-1,1,-1,1,-1,-1,-1,-1,-1,-1,-1,-1,1,1,1,1,1,1,1,-1,-1,-1,-1,1,-1,1,-1,1,1,-1,1,-1,1,1,-1,1,-1,1,-1,-1,1,1,1,-1,-1,1,1,-1,-1,1,-1,-1,1,-1,-1,1,1,1,-1,1,-1,-1,1,1,-1,-1,1,-1,-1,1,-1,0,1,1,1,1,-1,1,1,-1,-1,1,1,1,1,-1,1"
017,-995.6941700799434,"-1,1,-1,-1,1,-1,1,1,1,-1,-1,-1,-1,1,-1,-1,1,1,-1,-1,1,1,1,1,1,-1,-1,1,1,1,-1,0,-1,-1,1,-1,0,-1,1,-1,-1,-1,-1,-1,-1,1,1,-1,-1,1,1,-1,-1,-1,1,1,1,1,-1,-1,-1,1,1,-1,-1,1,-1,-1,1,1,-1,-1,1,1,-1,1,1,-1,-1,1,-1,-1,1,-1,1,-1,1,-1,1,1,-1,-1,-1,1,-1,-1,1,1,-1,1,-1,-1,1,1,-1,-1,-1,-1,1,-1,1,-1,-1,1,1,1,-1,1,1,-1,-1,-1,-1,-1,1,-1,-1,-1,1,-1,-1,1,1,1,-1,-1,1,-1,-1,1,1,-1,-1,1,1,1,1,1,-1,1,1,0,-1,1,1,-1,1,1,-1,-1,-1,1,1,1,-1,-1,-1,-1,-1,1,1,-1,-1,1,1,-1,1,-1,-1,-1,-1,-1,-1,1,-1,1,-1,1,1,-1,-1,1,1,-1,-1,-1,-1,1,-1,-1,1,-1,1,-1,-1,-1,-1,1,-1,1,-1,-1,1,-1,1,-1,-1,1,1,-1,-1,1,-1,1,-1,-1,-1,-1,1,1,-1,-1,-1,-1,-1,1,1,1,-1,-1,-1,1,1,1,-1,-1,1,-1,-1,-1,-1,1,1,1,0,1,-1,-1,-1,-1,-1,1,1,-1,-1,1,1,1,-1,-1,-1,1,1,-1,-1,-1,1,1,1,1,-1,-1,1,-1,1,-1,1,1,1,-1,1,-1,1,1,1,-1,-1,-1,1,1,-1,-1,1,1,0,1,0,-1,0,1,1,1,1,1,-1,1,1,-1,1,-1,-1,-1,-1,-1,1,1,1,1,0,1,-1,1,1,-1,1,-1,1,1,1,1,1,1,-1,1,1,-1,-1,1,-1,-1,1,1,1,-1,1,1,-1,1,-1,-1,-1,1,1,-1,-1,-1,1,-1,1,1,-1,-1,-1,1,-1,1,1,1,1,-1,1,1,-1,1,-1,1,-1,-1,-1,-1,1,-1,-1,-1,1,1,1,-1,-1,-1,1,1,-1,1,1,1,1,1,-1,-1,-1,1,-1,1,1,1,1,-1,-1,1,1,1,1,-1,-1,-1,-1,-1,1,-1,1,-1,0,-1,-1,-1,0,1,1,-1,1,-1,1,1,-1,1,-1,-1,1,1,-1,-1,-1,-1,1,-1,-1,1,0,1,1,1,-1,0,-1,1,1,-1,1,-1,1,1,1,1,1,-1,1,-1,1,-1,-1,1,1,1,1,-1,1,-1,-1,1,1,1,-1,-1,-1,-1,-1,-1,1,1,-1,-1,-1,-1,-1,-1,1,1,1,-1,-1,1,-1,1,1,1,1,1,-1,-1,-1,1,1,1,-1,1,1,-1,1,1,1,1,-1,1,-1,1,-1,-1,-1,1,1,-1,1,1,-1,1,-1,1,-1,1,-1,1,1,-1,-1,1,-1,1,-1,-1,0,1,1,1,1,-1,1,-1,-1,1,1,-1,-1,1,1,-1"
018,-990.4325584066794,"1,-1,1,-1,-1,1,1,-1,-1,-1,-1,1,-1,-1,1,-1,-1,-1,1,1,1,1,1,-1,1,-1,-1,-1,-1,-1,-1,0,1,1,1,1,0,-1,1,1,1,1,1,1,1,-1,-1,1,-1,1,1,-1,1,-1,1,-1,1,1,-1,-1,-1,-1,-1,1,-1,1,1,1,1,1,-1,1,1,-1,-1,1,-1,1,1,1,-1,-1,-1,-1,-1,-1,-1,-1,1,-1,-1,1,1,-1,-1,1,1,1,1,1,-1,-1,1,-1,-1,1,1,1,1,1,-1,-1,1,-1,-1,-1,1,1,1,-1,1,-1,-1,1,1,1,-1,-1,-1,-1,1,-1,1,1,1,1,-1,-1,1,1,1,1,1,1,-1,1,1,-1,1,-1,-1,0,1,1,1,1,1,1,1,1,-1,-1,-1,-1,-1,-1,1,-1,-1,-1,-1,1,1,-1,1,-1,1,-1,-1,1,1,-1,-1,-1,-1,-1,-1,-1,1,1,-1,1,1,-1,1,-1,-1,-1,1,-1,1,-1,1,-1,1,1,1,1,-1,-1,-1,1,-1,1,-1,1,1,1,1,-1,1,-1,-1,-1,1,-1,1,1,1,-1,1,1,-1,-1,-1,-1,-1,-1,-1,-1,1,-1,-1,1,-1,1,-1,1,1,1,-1,-1,1,-1,0,1,1,-1,1,-1,1,-1,-1,-1,1,-1,1,1,1,1,-1,1,1,-1,1,1,-1,1,-1,-1,-1,-1,-1,1,-1,1,1,-1,-1,-1,1,-1,-1,1,-1,-1,-1,-1,-1,-1,1,1,-1,1,0,1,0,1,0,-1,-1,1,-1,1,1,1,1,-1,-1,1,1,1,1,-1,1,-1,-1,-1,0,-1,-1,1,1,1,1,1,1,1,1,-1,-1,-1,-1,-1,-1,-1,-1,1,1,1,-1,-1,-1,1,-1,1,1,1,1,1,1,-1,-1,-1,-1,1,1,1,1,1,-1,1,-1,1,1,1,1,-1,1,-1,1,1,1,1,-1,1,1,1,1,1,-1,1,-1,1,-1,1,1,-1,1,1,-1,-1,-1,1,1,1,1,1,-1,1,1,-1,1,-1,-1,1,1,1,1,-1,1,1,-1,-1,1,1,-1,1,-1,-1,1,-1,0,1,-1,1,0,1,-1,-1,-1,-1,-1,1,-1,-1,-1,-1,-1,1,-1,1,1,-1,1,1,-1,1,0,-1,1,-1,-1,0,-1,-1,-1,-1,1,1,-1,1,1,-1,-1,-1,-1,-1,1,-1,1,-1,1,1,-1,1,1,-1,1,1,1,-1,-1,-1,-1,1,-1,1,1,-1,-1,1,1,1,1,-1,-1,1,1,1,-1,-1,-1,-1,-1,1,1,-1,-1,1,-1,-1,-1,-1,-1,-1,-1,-1,1,-1,1,1,-1,-1,1,1,1,-1,-1,1,-1,-1,-1,1,1,-1,1,-1,1,-1,-1,1,1,-1,1,1,-1,-1,-1,1,0,1,1,1,-1,1,1,-1,1,1,-1,-1,1,1,-1,-1"
019,-973.2955182192301,"-1,1,1,-1,-1,-1,1,-1,-1,1,-1,1,-1,1,-1,1,-1,-1,1,1,-1,-1,-1,1,1,1,-1,1,1,1,-1,0,1,-1,1,1,0,-1,1,-1,1,-1,-1,-1,1,-1,-1,1,-1,-1,-1,1,-1,1,-1,1,1,-1,1,-1,-1,-1,1,1,-1,-1,1,-1,1,-1,1,-1,1,1,1,1,-1,1,1,1,-1,-1,1,-1,-1,1,-1,1,1,-1,-1,-1,1,1,-1,-1,-1,1,-1,-1,-1,-1,1,-1,1,1,-1,1,-1,1,1,-1,-1,1,1,-1,1,-1,-1,1,-1,1,-1,1,1,1,-1,1,1,-1,1,1,-1,-1,-1,1,-1,1,1,-1,1,1,-1,-1,-1,-1,1,-1,1,1,-1,0,1,-1,-1,1,-1,1,-1,1,1,-1,1,1,1,-1,1,1,-1,-1,1,-1,1,1,1,-1,1,-1,-1,-1,-1,-1,1,1,-1,-1,-1,1,-1,1,1,-1,1,-1,1,1,1,-1,-1,-1,1,1,-1,-1,1,-1,1,-1,1,1,1,-1,1,-1,-1,-1,-1,-1,1,1,1,-1,-1,-1,1,-1,1,1,-1,1,1,1,-1,1,-1,-1,-1,1,-1,-1,1,-1,-1,1,1,-1,1,1,1,1,-1,1,1,1,0,-1,-1,-1,-1,-1,-1,1,1,-1,-1,1,-1,-1,-1,1,-1,1,1,1,-1,1,1,1,-1,1,-1,-1,1,1,-1,1,1,-1,1,-1,-1,1,-1,-1,-1,-1,1,1,-1,-1,1,1,-1,-1,0,1,0,-1,0,-1,-1,1,1,-1,1,1,-1,1,-1,1,-1,-1,1,1,-1,-1,1,1,0,1,-1,-1,1,-1,1,1,1,-1,1,-1,-1,-1,1,1,-1,-1,-1,1,1,1,1,1,-1,-1,1,1,1,-1,1,1,1,-1,-1,-1,-1,1,1,1,-1,-1,1,-1,-1,1,-1,1,-1,-1,1,1,-1,1,-1,-1,1,1,1,-1,-1,1,-1,-1,-1,1,-1,-1,-1,1,1,1,1,1,-1,1,1,-1,-1,1,1,-1,1,1,-1,1,1,1,-1,1,1,1,1,1,1,-1,1,-1,-1,-1,1,-1,1,1,0,1,-1,-1,0,-1,1,-1,-1,1,1,1,1,-1,1,1,1,1,1,-1,1,-1,1,1,-1,1,0,-1,-1,-1,1,0,1,1,-1,1,-1,-1,1,-1,-1,-1,-1,-1,-1,-1,1,1,-1,-1,-1,1,-1,1,-1,1,-1,-1,1,1,-1,-1,-1,1,-1,1,1,1,-1,1,-1,-1,1,-1,1,1,-1,-1,-1,1,1,-1,-1,1,1,1,1,1,1,1,-1,1,-1,-1,-1,1,-1,1,1,-1,-1,-1,1,1,-1,-1,-1,1,-1,1,1,1,1,1,-1,-1,1,-1,-1,1,-1,1,1,-1,-1,-1,-1,-1,0,1,-1,1,-1,-1,-1,1,1,1,1,-1,1,1,-1,-1"
020,-969.755434140744,"-1,-1,-1,1,1,1,-1,-1,-1,1,-1,1,1,1,-1,-1,1,-1,1,-1,-1,-1,1,1,1,1,-1,-1,1,1,1,0,-1,1,1,-1,0,-1,1,1,-1,-1,-1,1,-1,1,-1,-1,1,-1,1,-1,1,1,1,-1,-1,1,1,-1,-1,1,-1,-1,-1,1,1,1,-1,1,-1,1,1,1,-1,-1,-1,1,-1,1,-1,1,1,-1,1,-1,-1,1,-1,1,-1,-1,-1,1,-1,1,-1,1,-1,1,1,1,1,-1,1,-1,-1,1,1,1,1,-1,-1,1,1,-1,1,-1,-1,-1,1,1,1,1,1,-1,-1,1,1,1,1,1,1,1,1,-1,1,-1,-1,1,-1,1,1,1,1,1,-1,1,-1,1,1,0,-1,1,1,-1,-1,-1,-1,-1,-1,-1,-1,-1,1,1,1,-1,-1,-1,1,-1,1,-1,-1,1,1,-1,-1,-1,-1,1,1,-1,-1,-1,-1,1,1,1,-1,1,1,1,-1,-1,1,1,-1,-1,1,-1,-1,1,-1,-1,1,-1,1,1,-1,1,1,1,-1,-1,1,-1,-1,1,-1,-1,1,-1,-1,-1,-1,-1,-1,-1,1,-1,1,1,-1,1,-1,-1,-1,1,-1,1,1,1,1,1,-1,1,-1,-1,1,-1,1,1,0,-1,-1,1,-1,-1,-1,-1,-1,-1,1,1,-1,1,1,1,1,-1,-1,-1,-1,-1,1,-1,1,1,-1,1,-1,-1,1,-1,-1,-1,-1,-1,1,-1,1,1,-1,1,1,-1,1,-1,1,1,1,-1,0,-1,0,-1,0,1,1,1,-1,1,1,-1,1,-1,1,1,1,1,1,1,1,1,1,-1,0,1,1,1,-1,-1,-1,-1,-1,-1,-1,1,-1,1,1,-1,1,-1,-1,1,1,-1,1,-1,1,1,-1,1,-1,-1,1,-1,-1,1,1,1,1,-1,1,1,1,-1,1,-1,1,-1,1,-1,-1,-1,1,-1,1,-1,1,1,1,-1,-1,1,-1,1,1,1,1,-1,-1,1,-1,-1,-1,1,1,1,-1,1,1,-1,-1,-1,1,-1,-1,1,1,-1,1,1,1,-1,1,-1,-1,-1,1,-1,1,1,1,1,-1,-1,1,1,0,1,1,1,0,-1,-1,-1,1,-1,1,1,1,1,1,1,1,1,-1,1,1,-1,1,-1,-1,1,0,-1,-1,-1,1,0,-1,-1,-1,-1,-1,1,1,-1,-1,-1,1,-1,-1,-1,1,1,-1,-1,1,-1,-1,-1,-1,-1,1,1,1,-1,1,-1,-1,1,1,-1,-1,1,1,-1,1,-1,1,-1,1,1,1,-1,-1,1,1,-1,1,-1,-1,1,-1,-1,-1,1,1,1,-1,-1,-1,1,-1,-1,-1,-1,1,1,1,1,-1,1,1,1,1,1,-1,1,-1,1,1,-1,-1,1,-1,1,1,1,1,-1,-1,1,-1,-1,0,1,-1,-1,-1,1,1,1,1,-1,-1,1,-1,-1,-1,1"
